organization_id,organization_name,org_type,geography_id,founded_year,active,contact_email
1,"Arnold, Gardner and Smith",School,193,1989,False,billmiller@example.com
2,Smith-Gibson,Government,150,2002,False,smithangela@example.org
3,Mckee-Simmons,NGO,35,2005,False,uking@example.com
4,Gray-Williamson,School,140,1994,True,hjohnson@example.org
5,Thompson-Mason,Community Group,94,2011,True,osbornemichael@example.com
6,Smith-Cooper,School,26,1992,False,armstrongdaniel@example.com
7,"Hicks, Marks and Edwards",Cooperative,74,1982,True,amanda95@example.org
8,Sanchez-Brown,Cooperative,36,1993,True,omiller@example.com
9,"Welch, Fernandez and Hopkins",Cooperative,98,1984,True,heatherbowman@example.org
10,"Goodwin, Jackson and Riley",Community Group,202,2005,False,laurie66@example.net
11,Tanner and Sons,Government,127,2007,True,angel35@example.org
12,"Stevenson, Sanders and Hughes",Cooperative,56,1980,True,sarah34@example.net
13,Hopkins-Collins,Cooperative,29,1984,False,gmitchell@example.com
14,"Conley, Alexander and Gaines",School,200,1986,True,rgray@example.com
15,Hodges-Payne,Government,161,1986,True,thomas77@example.net
16,"Miles, Jarvis and Foley",Government,76,2012,True,jennifer55@example.com
17,Gomez LLC,NGO,154,2005,False,hgarcia@example.com
18,Byrd-Gamble,Government,228,2006,True,howardisaac@example.com
19,Blair-Mcdowell,School,7,1996,False,brittanyho@example.com
20,Martin-Brown,Community Group,97,2014,False,jessica30@example.com
21,Bennett and Sons,Health Center,131,2010,True,jessicajones@example.net
22,Mason LLC,Government,97,2015,True,emilystevenson@example.org
23,White-Brown,NGO,8,1997,True,luke16@example.org
24,Miller-Martinez,School,175,2018,True,amandajohnson@example.org
25,Hawkins-Hardin,School,187,1994,True,christophershepherd@example.org
26,Marsh-King,Community Group,148,1991,True,ykennedy@example.org
27,"Austin, Mejia and Castro",Cooperative,243,2018,True,matthew04@example.org
28,Pugh-Cook,Cooperative,165,1990,False,adam50@example.org
29,"Olson, Everett and Cross",NGO,99,2001,True,lisahoward@example.org
30,Taylor-Jones,Community Group,17,1982,True,gina98@example.com
31,"Cardenas, Ramirez and Wells",NGO,97,1989,True,cgutierrez@example.com
32,"Valdez, Baxter and Jones",NGO,140,2008,True,whunter@example.org
33,"Salas, Hernandez and Spencer",Government,132,1990,True,fsaunders@example.net
34,"Lee, Watts and Moore",School,32,2013,True,josephsnow@example.org
35,"Lee, Snyder and Cline",NGO,23,2014,True,madisonroberts@example.com
36,Hernandez Ltd,School,179,2017,False,bryceboyd@example.org
37,Evans-Rivers,Cooperative,14,2010,True,kenneth86@example.com
38,Brown and Sons,Cooperative,115,2013,True,jefferyyang@example.com
39,Jennings Group,Health Center,123,1998,False,ashleyobrien@example.com
40,King-Lawson,Health Center,154,1983,True,williamcooper@example.net
41,Rojas-Gonzales,Government,239,1988,True,treed@example.org
42,Larson-Hatfield,School,32,1987,True,ryanscott@example.com
43,Vang and Sons,Health Center,219,2006,True,jeffreyjones@example.net
44,Todd and Sons,School,92,2013,True,naustin@example.com
45,Hebert-Lawrence,Health Center,159,2014,True,bennettjennifer@example.net
46,"Sims, Castaneda and Jones",NGO,111,1984,False,perezbrenda@example.net
47,Shepherd and Sons,Government,162,2000,False,richard42@example.com
48,Terrell LLC,Government,25,2006,True,ericlee@example.com
49,"Pierce, Chan and Cook",NGO,44,2018,False,cynthia95@example.net
50,"Moore, Hoffman and Pace",Community Group,214,2002,False,andersonjason@example.net
51,Anderson and Sons,Government,191,2006,True,brookswilliam@example.org
52,Smith Group,School,153,1999,False,tnorman@example.com
53,Perry-Rodriguez,Government,125,2015,True,davidcastro@example.net
54,Smith-Francis,NGO,147,1993,True,romeromeghan@example.com
55,Baker-Davis,School,136,1990,True,bcruz@example.com
56,"Barrett, Manning and Lawson",NGO,196,1993,True,zachary08@example.com
57,Davis Ltd,School,20,2007,False,davidcruz@example.com
58,Larsen-Haynes,Community Group,49,1990,True,colemanfelicia@example.org
59,Martin PLC,School,57,1992,False,fordjose@example.com
60,Wilson Inc,NGO,206,1995,True,smithmark@example.org
61,Massey-Williams,School,158,2013,True,michael88@example.com
62,Anderson-Peterson,Community Group,149,1982,True,ellissamantha@example.com
63,Osborne Inc,Community Group,177,2018,True,brandonhoward@example.org
64,Campbell LLC,Government,122,1990,True,justinsellers@example.net
65,Fuentes Ltd,Cooperative,76,2003,True,tinahernandez@example.org
66,Robinson-Garcia,Health Center,58,2001,False,jenniferochoa@example.net
67,Hebert Inc,Government,175,2018,True,pamela42@example.org
68,Haynes-Aguilar,Government,124,1997,True,tiffany37@example.com
69,"Williams, Thomas and Holmes",Health Center,162,1989,True,jamesgarcia@example.net
70,Caldwell-French,Community Group,199,2001,True,vbryant@example.com
71,Avila Group,School,208,1997,True,laura94@example.org
72,Foster PLC,Health Center,180,1991,True,cole13@example.com
73,Reed Inc,Health Center,226,1984,True,jacobsjeremiah@example.com
74,Dodson and Sons,School,223,2006,True,douglas87@example.net
75,Harris and Sons,NGO,210,1991,True,byoung@example.org
76,Parker LLC,School,208,1982,True,kaylahoover@example.net
77,Adkins-Rose,Cooperative,139,2005,True,theresagraham@example.net
78,"Randall, Frank and Hensley",Health Center,154,1996,True,barrygriffin@example.org
79,Horton Ltd,Community Group,26,1993,True,burgessfrank@example.com
80,"Price, Herman and Johnson",Community Group,60,1986,True,melinda26@example.net
81,Figueroa-Vega,School,56,1983,True,ryanjacobs@example.net
82,"West, Allen and Park",NGO,230,2010,False,qkeller@example.net
83,Webster-Snow,Health Center,170,2001,True,mstanton@example.org
84,Lawson Ltd,Cooperative,151,2007,True,vwhitehead@example.org
85,"Johnson, Willis and Smith",Community Group,226,2017,False,jessica94@example.net
86,Mcgee Ltd,Government,162,1997,True,brandonwest@example.org
87,"Alvarado, Mullins and Owens",Health Center,192,2019,True,matthew31@example.org
88,Johnson-Myers,Cooperative,28,2009,False,david70@example.com
89,Dominguez-Welch,Cooperative,199,1992,True,cmitchell@example.net
90,"Dixon, Lang and Jones",Cooperative,243,1985,False,robert22@example.org
91,"Butler, Jones and Collier",School,131,1984,True,gravesmonica@example.org
92,Gilbert-Harris,Government,56,2019,False,justin84@example.com
93,Glenn PLC,Government,240,2007,False,melissacarter@example.com
94,Thomas PLC,NGO,123,1988,True,dustin58@example.com
95,Green LLC,School,169,1994,True,pgomez@example.com
96,Rangel PLC,NGO,181,1991,True,hornjoseph@example.com
97,"Curtis, Smith and Buck",Government,167,1990,True,catherinecastro@example.net
98,Mccoy Group,Cooperative,218,1997,True,bakerrichard@example.org
99,Collins-Lee,Cooperative,158,2013,True,martinpatrick@example.net
100,Jefferson PLC,NGO,106,1995,True,kristinlloyd@example.org
101,Torres-Wallace,Cooperative,61,2007,True,shirley13@example.org
102,"Riley, Palmer and Fowler",Community Group,231,1980,True,ralph47@example.net
103,Nguyen Group,Health Center,26,1999,True,wendy53@example.net
104,"Chavez, Davis and Harper",Community Group,44,1998,True,jason26@example.com
105,Dixon PLC,Government,172,1981,True,bradshawmichelle@example.org
106,Griffith-Campbell,Cooperative,72,1995,True,kristen32@example.com
107,Mason and Sons,NGO,179,2018,True,thomascaitlin@example.com
108,Jones-Lester,School,106,2002,True,lambandrew@example.com
109,Moore LLC,NGO,172,2012,False,johncole@example.com
110,Smith LLC,Cooperative,17,2001,False,melissa01@example.net
111,Patel PLC,Community Group,3,2019,True,kylebrown@example.org
112,Byrd-Andrews,NGO,80,2011,True,jacobsilva@example.org
113,Whitehead Inc,Government,159,2014,True,williamspamela@example.org
114,Young-Drake,Government,120,1982,True,crystalkeller@example.org
115,Williams PLC,Community Group,213,2020,True,gmartinez@example.com
116,"Price, Navarro and Baker",Community Group,215,2000,True,cchurch@example.org
117,Russell Inc,Cooperative,163,2019,True,lmartinez@example.com
118,Payne LLC,Health Center,233,1991,False,timothytran@example.org
119,"Nielsen, Williams and Shannon",NGO,171,1984,True,jonathanwilson@example.org
120,Jones Inc,Cooperative,52,2000,False,gonzalezgary@example.net
121,Crawford-Kline,Community Group,158,1997,True,garciadaniel@example.org
122,"Vaughn, Johnson and Holloway",Cooperative,148,2017,True,gomezhoward@example.net
123,"Barnes, Murphy and Chen",NGO,163,1991,True,leerachel@example.org
124,Bates Inc,School,98,2004,False,chad53@example.net
125,Robbins Inc,Health Center,170,2007,True,ijohnson@example.net
126,"Medina, Smith and Doyle",Government,146,2002,True,ashleyelliott@example.com
127,Barnett Inc,Government,138,2004,True,stephaniedelgado@example.org
128,Clarke-Hess,Health Center,65,1985,True,bowmanmarcia@example.net
129,"Pham, Wilcox and Parrish",Cooperative,211,2014,True,william28@example.com
130,Jordan-Hunt,Health Center,174,1981,True,dustinschultz@example.net
131,Robbins-Martin,Community Group,33,1997,True,vargasjames@example.com
132,Wilson LLC,Community Group,1,2004,False,catherinewilliams@example.org
133,Blevins-Peterson,Cooperative,46,2012,True,tammy86@example.org
134,Richards-Carroll,Community Group,105,1992,True,ashley38@example.com
135,"Levy, Henry and Garcia",Community Group,173,2013,True,nsmith@example.org
136,Wells LLC,Government,66,1993,False,tjacobs@example.net
137,Reynolds-Miller,Community Group,27,2013,False,tjones@example.org
138,Fisher-Wright,School,232,2019,True,katherinepeterson@example.net
139,Burton Group,Cooperative,10,2012,False,xblackwell@example.org
140,Hernandez Inc,Community Group,208,1998,True,jessicazhang@example.com
141,"Phillips, Banks and Schneider",Community Group,64,2015,True,utaylor@example.org
142,"Marshall, Flores and Banks",School,242,2019,True,tracy23@example.net
143,Cole-Jackson,Health Center,85,2001,True,jonle@example.com
144,"Conrad, May and Salazar",School,69,1993,True,gonzalezjohn@example.com
145,Herrera-Kennedy,NGO,148,2002,True,james19@example.net
146,"Adams, Phillips and Aguilar",Health Center,163,2013,True,andrea71@example.com
147,"Horn, Fletcher and King",Health Center,70,2010,True,davidbarton@example.org
148,Herrera Group,Government,146,2007,False,joshuapugh@example.net
149,Pena and Sons,Community Group,84,1993,True,derekpayne@example.com
150,"Pittman, Perez and Wilson",Health Center,25,2010,False,angela08@example.org
151,"Greene, Daniels and Welch",Community Group,12,1996,False,melaniejones@example.net
152,Reyes-Warren,NGO,206,2015,True,veronica25@example.net
153,Smith Ltd,NGO,10,2017,True,blakejonathan@example.com
154,Lewis-Walker,Community Group,35,2015,False,wangkendra@example.org
155,Kelley-Fuller,Government,240,1997,True,kdavis@example.net
156,Hall Group,Cooperative,187,2019,False,lambertashley@example.com
157,"Morrow, Schwartz and Gomez",Cooperative,97,2013,False,oharris@example.org
158,Warner-Bell,School,116,2017,True,kelsey41@example.com
159,Alexander LLC,School,5,2006,True,bishopamanda@example.org
160,Lee-Walton,School,180,1981,False,david45@example.net
161,"Salas, Caldwell and Jefferson",Health Center,14,1985,True,monica61@example.org
162,Jones-Martin,Health Center,113,1985,True,luis29@example.org
163,Freeman-Ray,NGO,247,1993,True,ehopkins@example.org
164,"Hill, Phelps and Vincent",Cooperative,239,2008,True,gmiller@example.com
165,"Russell, Gray and Fowler",Community Group,101,2010,True,rickybates@example.org
166,"Hudson, Cook and Mcclain",School,111,2000,True,stevenwoods@example.com
167,Kim-Kramer,Cooperative,87,1984,False,ronaldcastillo@example.org
168,Moon Ltd,NGO,176,1986,False,wolfestephen@example.org
169,"Bryant, Edwards and Mcguire",School,170,1998,True,john31@example.net
170,Jones-Richardson,Health Center,228,1991,True,ejackson@example.org
171,"Estrada, Allison and White",Community Group,178,1993,True,kaitlynramos@example.net
172,Smith PLC,Health Center,228,2020,False,hjensen@example.org
173,"Williams, Smith and Avila",Health Center,133,2000,True,jane28@example.net
174,Reed-Carpenter,Community Group,83,1981,True,balvarez@example.org
175,Rodriguez Inc,School,105,2016,True,laurie81@example.com
176,Hester Ltd,School,88,1999,True,ethan28@example.net
177,"Schneider, Gentry and Atkinson",Government,212,1996,True,timothybailey@example.org
178,Ferguson-Thompson,Health Center,112,1984,False,christina75@example.com
179,Jackson-Jones,Cooperative,138,2017,True,eholloway@example.net
180,Smith-Williams,Community Group,206,2008,True,lwhite@example.org
181,Berger Inc,Community Group,246,1982,True,sharontucker@example.org
182,"Buchanan, Parks and Koch",Community Group,15,1995,True,gcabrera@example.com
183,Wright Group,Cooperative,126,2007,True,amanda45@example.com
184,"Alvarez, Wolfe and Sweeney",School,224,1999,True,mitchellmargaret@example.com
185,Singleton-Ramirez,Cooperative,106,1995,True,dwhitaker@example.org
186,Tapia-Hughes,Health Center,63,2006,True,anna86@example.com
187,Black-Bell,Cooperative,99,1992,True,elliskevin@example.com
188,Delacruz-Greer,Health Center,90,1994,True,bennettkatelyn@example.com
189,Powell-Cox,Cooperative,216,1985,True,choibarbara@example.net
190,Barnes-Armstrong,NGO,218,1989,False,millermatthew@example.org
191,Cortez-Mitchell,Health Center,148,2004,True,jeremybennett@example.com
192,George-Williams,NGO,248,2019,True,martinezcharles@example.org
193,"Miranda, Francis and Rosales",NGO,195,1998,True,adammunoz@example.org
194,Stevens Group,Government,233,2011,False,vgates@example.org
195,Stewart Inc,Community Group,135,2004,False,ofuentes@example.com
196,Ryan-Watts,NGO,229,1993,False,hayessteven@example.com
197,Anderson-Mueller,Community Group,107,1989,True,victoriashepherd@example.net
198,Lopez Inc,Government,192,2007,True,gibbsmark@example.org
199,Tate-Mueller,Community Group,78,1998,True,lgraham@example.org
200,Pacheco-Perez,Cooperative,153,1996,False,guerrabelinda@example.com
201,"Fowler, Potter and Thomas",Health Center,200,2018,False,anita76@example.org
202,Bruce Group,Cooperative,190,1995,True,tonymcclain@example.org
203,"Phillips, Williamson and Johnson",NGO,138,1984,True,smithstephanie@example.com
204,Simmons-Herrera,Government,57,2003,False,lewisemily@example.com
205,Pierce LLC,Cooperative,108,1985,False,joelbird@example.org
206,"Escobar, Beck and Davis",Cooperative,216,1983,False,donaldmarshall@example.com
207,Williams Inc,Government,215,1987,False,john05@example.net
208,"Tucker, Murray and Patterson",Community Group,72,2002,False,jnewman@example.com
209,"Lozano, Mathews and Sanders",School,227,2007,True,mcdanielheather@example.net
210,"Aguilar, Bennett and Rogers",Cooperative,106,1988,False,jamesbolton@example.net
211,"Kennedy, Adams and Graham",Government,242,2005,False,adamhouston@example.net
212,Holloway Group,Health Center,81,1982,False,amanda46@example.net
213,"Johnson, Johnson and Dyer",School,68,2011,True,kathleenjohnson@example.net
214,Giles LLC,Health Center,70,1998,True,christinamclaughlin@example.net
215,Ramirez and Sons,Community Group,215,2012,True,ndunn@example.com
216,Nelson Ltd,Government,151,2002,True,stonekevin@example.net
217,Miller Group,School,192,2009,True,hunteraguilar@example.net
218,Richardson-Smith,NGO,247,1995,False,logangomez@example.net
219,Wilcox and Sons,School,120,2006,False,tsharp@example.net
220,Mccarty-Johnson,Community Group,7,1996,True,gtucker@example.org
221,Hunt-Flores,NGO,246,2010,False,elynch@example.net
222,"Tran, Mathis and Reyes",School,91,1985,True,grantdiaz@example.net
223,Cunningham-Nelson,Health Center,114,2002,True,jerrypearson@example.org
224,Logan LLC,Community Group,23,1984,True,dianerivera@example.org
225,Reyes Group,School,197,1993,True,bennettjonathan@example.com
226,Martin Inc,NGO,160,2017,True,zavalanicholas@example.org
227,"Dean, Munoz and Weaver",NGO,165,1982,True,derek01@example.net
228,"Ward, Wolfe and Jackson",Cooperative,9,2006,True,josephanderson@example.net
229,Jones PLC,School,92,2012,True,lauriemills@example.org
230,Castillo-Manning,Government,191,1998,True,sweeneyholly@example.com
231,Smith LLC,Community Group,63,2013,True,brenda54@example.net
232,"Jenkins, Manning and Smith",Cooperative,169,2007,True,ramosfrank@example.net
233,"Farley, Brown and Fisher",Government,88,1991,True,alexander07@example.net
234,Rodriguez-Reese,Cooperative,34,2006,False,melissa73@example.org
235,"Harris, Myers and Anderson",NGO,162,1980,True,karenkennedy@example.com
236,Burke-Sandoval,Community Group,120,1981,True,amandamejia@example.net
237,Price-Haley,NGO,16,1995,True,jbrown@example.org
238,Gill Group,Health Center,193,2003,False,nknight@example.net
239,"Rogers, Guerra and Butler",NGO,21,2018,False,michele27@example.com
240,Bishop Ltd,Community Group,21,1985,True,mcintoshvictoria@example.net
241,"Cameron, Green and Horne",Cooperative,228,2000,True,henrymelissa@example.net
242,"Richards, Bailey and Nguyen",Cooperative,247,2008,True,katie27@example.net
243,"Carrillo, Moran and Brown",School,110,1984,True,frederickmaurice@example.org
244,Bryant-Hammond,Cooperative,79,2010,False,kevinanthony@example.net
245,Curtis-Gilbert,School,237,1985,False,johnsonrebecca@example.org
246,"Phelps, Murphy and Liu",Health Center,125,1980,True,rioszachary@example.org
247,"Collins, Lane and Floyd",Cooperative,119,2017,False,caseyjames@example.net
248,Tucker-Baker,School,172,2004,True,johnny20@example.org
249,Sheppard Group,Cooperative,158,1981,True,teresa07@example.net
250,Russo-Young,Cooperative,35,2003,False,sarah35@example.net
251,"Brooks, Fletcher and Jefferson",Community Group,154,2017,True,carl72@example.net
252,"Cannon, Wolf and Hill",NGO,135,2019,True,ericrosales@example.com
253,Hensley Inc,Community Group,184,1990,True,njohnson@example.org
254,Grimes Inc,Cooperative,60,1980,True,michellebrown@example.net
255,"Owens, Hughes and Taylor",Health Center,181,1991,False,ygordon@example.net
256,"Ryan, Mcmillan and Winters",School,233,1998,True,alopez@example.com
257,Jennings Inc,Community Group,72,2010,True,beckyvaughn@example.net
258,White Group,Health Center,137,2007,True,wsantos@example.net
259,Cook-Peterson,Government,18,1996,True,daviskristin@example.com
260,"Marshall, Valenzuela and Jackson",Community Group,18,1993,True,hernandezkaren@example.com
261,Brown-Williams,Health Center,100,2004,True,ricky18@example.com
262,"Perkins, Coleman and Herring",Community Group,125,1999,False,nielsenpamela@example.com
263,"Madden, Wade and Mclean",Government,55,2015,True,sgentry@example.com
264,Johnson-Martin,Community Group,117,2012,True,chelseacook@example.com
265,Bryant-Powell,Government,67,2009,True,peter92@example.net
266,Mccall-Roach,Community Group,212,1988,True,brownmichelle@example.net
267,Roach-Perez,Government,84,2018,True,kelseybrown@example.org
268,Hanna-Ramirez,Community Group,27,1981,True,littlelori@example.net
269,Chavez Group,Cooperative,58,2012,False,rose55@example.com
270,Lee-Cooper,Cooperative,58,2002,True,mccoyroy@example.org
271,Murray Inc,Health Center,235,2006,False,prestonlauren@example.net
272,Wells and Sons,Community Group,237,2011,False,joann70@example.com
273,Rivera-Myers,Community Group,25,1993,True,leechad@example.net
274,"Madden, Clark and Espinoza",Government,236,2003,True,christopherjohnson@example.com
275,"Morris, Campbell and Richard",Health Center,173,1992,True,deborah96@example.org
276,"French, Hughes and Warner",Government,91,2012,True,fwilliamson@example.org
277,"Moore, Lewis and Schwartz",Government,69,2006,True,andrew93@example.com
278,Nicholson Ltd,Health Center,209,1985,True,robertmartin@example.net
279,Fox Ltd,Government,244,2019,True,blake78@example.net
280,Oconnor-Carroll,Cooperative,43,1987,False,tylergilbert@example.org
281,Perez Inc,Health Center,155,2000,True,kathrynmendez@example.com
282,"Blair, Benson and Bolton",Health Center,207,2019,True,thompsonmichael@example.org
283,"Tate, Phillips and Clark",Health Center,134,1999,True,johnnyhernandez@example.org
284,"Hanson, Gardner and Haynes",Government,249,2015,False,okim@example.net
285,Payne Ltd,Community Group,93,2013,True,hahndanielle@example.com
286,"Pierce, Sheppard and Ramirez",School,118,2002,True,emendoza@example.com
287,"Butler, Mccarthy and Johnson",Government,138,1993,True,wagnerchristopher@example.org
288,Velasquez Group,Health Center,57,1999,True,wrios@example.net
289,Fernandez and Sons,Health Center,229,1982,True,elizabethburns@example.org
290,"Allen, Rodgers and Logan",Government,246,2014,True,tkane@example.org
291,"Conner, Mcclure and Williams",Community Group,222,2004,True,scott68@example.net
292,Murphy Ltd,Community Group,33,2018,True,allensusan@example.org
293,Perkins and Sons,Community Group,235,1990,True,parkermalik@example.net
294,"Lee, White and Acosta",Cooperative,156,2003,False,callen@example.net
295,Brown PLC,Cooperative,216,1995,True,jordanjacob@example.org
296,"Morse, Faulkner and Sawyer",Health Center,189,1986,True,mary41@example.net
297,Walker-Villanueva,NGO,132,2000,True,gguzman@example.com
298,"Michael, Shaffer and Gallegos",School,232,1992,True,josephbishop@example.com
299,"Smith, Roth and Adkins",NGO,23,1998,False,navarrorobin@example.org
300,"Perez, Johnson and Wells",NGO,51,1995,True,james84@example.org
301,Russo PLC,Community Group,226,2002,True,stephenberry@example.org
302,Rogers-Beck,Government,218,1983,True,robin52@example.net
303,Brown-Carter,Community Group,58,1982,True,qfuller@example.org
304,Briggs-Ball,NGO,207,1999,True,wthompson@example.com
305,White Ltd,NGO,116,2008,True,dylangonzales@example.net
306,Higgins-Strickland,Cooperative,183,1986,True,browncharles@example.net
307,Mack-Maxwell,Health Center,228,2006,True,ericadeleon@example.org
308,"Robertson, Phillips and Gross",Health Center,141,1999,True,jamesbrown@example.org
309,"Perez, Thompson and Bass",Community Group,117,2006,False,kevin14@example.org
310,"Reyes, White and Meyers",Government,192,1999,True,jonkim@example.org
311,"Smith, Green and Rodriguez",Community Group,31,2015,True,cassandra90@example.net
312,Nguyen-Jones,Health Center,152,1986,True,brian23@example.org
313,Cooper-Johnston,School,241,2019,True,lambandrea@example.net
314,Harris-Green,Community Group,40,1983,False,christopherwoods@example.org
315,Hill-Bell,Community Group,176,1985,True,knappmichael@example.net
316,Gardner-Ellis,NGO,108,1986,False,austin83@example.com
317,Gross and Sons,Cooperative,98,2019,True,christopher59@example.net
318,"Schwartz, Perez and Wright",NGO,16,2013,True,asparks@example.net
319,"Lewis, Farmer and Olson",Government,171,1996,True,jmitchell@example.org
320,Martin Inc,Cooperative,32,2005,True,smithgrant@example.net
321,"Tran, Crawford and Burke",School,212,2012,True,daniellemartinez@example.com
322,Johns-Mckee,Government,176,1985,False,hjackson@example.net
323,"Harris, Reyes and Brown",Community Group,238,2020,False,robinsonkevin@example.net
324,Mendoza Inc,Government,167,2004,False,christopher72@example.org
325,"Johnson, Brown and Mcdowell",Government,8,2013,True,melissa73@example.org
326,Green LLC,Cooperative,70,2011,True,vcameron@example.org
327,"Young, Yates and Thompson",Cooperative,1,1980,True,coxdennis@example.com
328,Trevino Ltd,Health Center,59,1988,True,jessica31@example.org
329,"Mathis, Cooper and Johnson",School,34,1988,False,pamela28@example.com
330,Sanchez PLC,NGO,181,1992,True,kgallegos@example.com
331,Bishop-Smith,Government,8,1982,False,andersonmichelle@example.net
332,"Gray, Kemp and Jones",Community Group,144,2001,False,austin99@example.org
333,Thompson Ltd,Cooperative,33,1996,True,kgutierrez@example.com
334,"Walker, Willis and Moore",Health Center,119,1987,True,marymack@example.com
335,"Wright, Morrison and Robbins",Health Center,90,1985,True,clarkekenneth@example.com
336,Parker-Nguyen,Community Group,48,1982,True,stacybrown@example.com
337,Shah-Williams,Cooperative,132,1981,True,beth90@example.com
338,Ross-Walton,Cooperative,243,2013,False,susan21@example.net
339,Spencer Ltd,NGO,207,2004,True,michaelwashington@example.org
340,Clay Ltd,Community Group,142,1981,True,dfitzgerald@example.com
341,Mcmahon-Lopez,Government,68,1980,False,jonesjason@example.net
342,Ellis Group,Community Group,217,1999,False,jeremiahphillips@example.com
343,Wilson Ltd,Community Group,116,2005,True,isanchez@example.org
344,Morris Group,NGO,184,2017,True,terri71@example.net
345,Sandoval-Anderson,Community Group,223,1985,True,martinkimberly@example.net
346,"Calderon, Bridges and Reed",School,101,1996,True,lhaynes@example.com
347,Johnson Group,NGO,25,2004,True,ssmith@example.org
348,Marsh PLC,Cooperative,216,2002,False,angela67@example.com
349,Lee-Carr,Government,57,2012,False,lopezdeborah@example.com
350,Mercado Group,Health Center,131,2012,False,jonesdaniel@example.org
351,Burch Group,Cooperative,226,2004,True,nathan83@example.net
352,"Berry, Buckley and Hendrix",School,179,2019,True,matthew84@example.com
353,Williams Ltd,NGO,53,2004,True,lindsey88@example.org
354,Robles-Barrera,School,166,1988,True,martinezvalerie@example.net
355,Yang-Brown,Health Center,6,1985,True,alexandrahudson@example.org
356,"Simpson, Bennett and Lester",Cooperative,223,1992,False,yberry@example.net
357,Banks Ltd,NGO,237,1997,False,harrisbianca@example.com
358,"Austin, Parker and Woods",Health Center,71,2008,True,bridget43@example.com
359,"Bradley, White and Gibson",Health Center,158,1980,True,joshuagolden@example.net
360,Freeman-Taylor,Health Center,5,1993,True,gilesdylan@example.com
361,Torres-Mullins,NGO,195,1996,True,rachel61@example.com
362,Daniels-Jones,Cooperative,63,2015,True,lindsayparks@example.net
363,Powell-Lopez,Cooperative,146,1998,True,zimmermanscott@example.net
364,Brown-Lee,NGO,151,1987,True,john15@example.net
365,David PLC,School,208,2016,True,umiller@example.net
366,"Gamble, Lopez and Ferguson",Community Group,60,1999,False,lucas13@example.com
367,"Hill, Little and Benitez",Government,144,1995,True,jmatthews@example.com
368,Love LLC,NGO,246,2006,False,melissataylor@example.com
369,Tanner and Sons,Government,164,1983,True,thomas27@example.net
370,Jarvis-Davis,Cooperative,57,1988,False,cjones@example.org
371,Perez PLC,School,3,2015,True,mcclurewilliam@example.org
372,"Lambert, Green and Murphy",Health Center,195,2013,False,matthew71@example.org
373,"Collins, Logan and Holt",Cooperative,136,2006,True,hansenbradley@example.net
374,Miller-Villanueva,School,177,1989,True,brittanyharris@example.net
375,Reyes-Wagner,Community Group,199,2014,True,jonathon40@example.com
376,"Anderson, Obrien and Campbell",Government,135,1990,True,james57@example.net
377,Bishop-Moore,NGO,135,1993,True,theresa32@example.net
378,Daniel LLC,Government,96,1993,True,hsanchez@example.com
379,Horn-White,School,230,2012,True,victoria53@example.net
380,"Johnson, Espinoza and Sanchez",School,138,1999,False,jennifer64@example.net
381,Robinson and Sons,School,233,2006,False,billyrivera@example.com
382,Peck-Shelton,Health Center,5,2019,False,lmartinez@example.org
383,"Brooks, Sims and Allen",Community Group,83,2015,True,brittany77@example.com
384,Adams-Dickson,School,250,1997,True,jonathan93@example.org
385,Cortez-Nelson,Health Center,84,2016,False,ajohnson@example.net
386,"Mcgee, Mathews and Thomas",Community Group,38,1985,True,asnyder@example.net
387,"Allen, Harrington and Becker",Community Group,163,1992,True,garciamarissa@example.com
388,"Richardson, Frost and Shelton",School,83,2002,True,qfrye@example.com
389,Miranda PLC,Health Center,161,1990,False,kaitlin34@example.net
390,Thompson Group,Community Group,138,2009,True,donald53@example.org
391,Miller LLC,NGO,248,1984,True,melissa78@example.org
392,"Mccoy, Williamson and Johnson",Health Center,99,1990,False,thompsonbrian@example.com
393,Garcia Group,School,83,1987,True,williamserica@example.net
394,"Martinez, Hayes and Young",Health Center,159,2011,False,smithalison@example.net
395,"White, Mata and Moore",Community Group,86,1994,True,pkelly@example.com
396,Knight-Williams,Health Center,105,2002,True,qsmith@example.org
397,Frye and Sons,NGO,197,2002,False,watkinsmichelle@example.org
398,Ramirez-Roth,Community Group,228,1987,False,astark@example.net
399,James Inc,School,136,2018,False,shelleyjohnson@example.net
400,Jefferson-Russell,Government,240,1980,True,susanlawson@example.org
401,Moreno-Howard,Health Center,245,1993,True,robinsontracy@example.com
402,"Velasquez, Byrd and Frye",Cooperative,130,1991,True,erin86@example.com
403,Jones-Thompson,NGO,102,1992,True,joseph90@example.net
404,Smith PLC,NGO,195,2000,False,baxtertroy@example.net
405,Crawford-Collins,Cooperative,164,1989,True,chapmanmaria@example.net
406,Sexton Ltd,Community Group,38,1988,True,kimberly26@example.com
407,"Nicholson, Wilkinson and Herrera",Health Center,203,1993,True,george90@example.com
408,Callahan-Thomas,Cooperative,154,1990,False,qcrawford@example.com
409,Cooper-Malone,School,106,2015,True,anthony72@example.net
410,Holloway LLC,Health Center,161,2013,True,ashley26@example.com
411,"Christian, Jones and Barr",School,168,1983,True,mary35@example.org
412,"Harris, Grant and Williams",Cooperative,224,2012,True,markharris@example.com
413,"Ayala, Barrett and Davis",Community Group,3,1993,True,logan67@example.com
414,"Wilson, Hill and Ramirez",Community Group,142,1980,True,chanjeremy@example.org
415,"Thompson, Garcia and Guzman",Community Group,223,1994,False,qlamb@example.net
416,Stevens Inc,Cooperative,62,2003,False,ygibson@example.org
417,Lowe-Aguirre,School,192,2011,True,hhall@example.org
418,Cole and Sons,Community Group,84,1996,True,jesse88@example.org
419,"Ramos, Reynolds and Shaw",School,226,1981,True,chowell@example.org
420,Tanner-Wood,Government,150,1989,False,jacquelineshelton@example.com
421,Sullivan PLC,NGO,158,2007,False,carlabrown@example.com
422,"Smith, Meadows and Pittman",Community Group,239,2005,True,davidcameron@example.org
423,"Reeves, Johnson and Mccarthy",School,35,1983,True,zwilliams@example.org
424,Miller-Murray,Cooperative,53,2005,True,harristodd@example.com
425,Griffin Group,Health Center,147,1984,True,lward@example.com
426,"Travis, Brock and Caldwell",Health Center,177,1989,True,michele33@example.com
427,Bailey-Hernandez,School,114,2020,True,kimberly57@example.net
428,"Johnson, Rose and Reyes",Health Center,94,1982,True,ethomas@example.org
429,"Turner, Fischer and Patterson",NGO,226,2002,True,iclark@example.net
430,"Wilson, Holland and Huber",Cooperative,227,1993,True,jose80@example.com
431,Alexander Inc,NGO,173,2011,False,lozanoeric@example.org
432,Mcclure Inc,Community Group,224,2000,True,carlsonthomas@example.org
433,Brady-Edwards,NGO,235,1990,False,andrewgarza@example.com
434,Davis-Bryan,Government,107,1996,True,dianagreen@example.net
435,Patel-Cruz,Health Center,95,2005,False,zwoods@example.com
436,Bass-Smith,Cooperative,132,1997,True,ritareyes@example.org
437,Lloyd and Sons,Cooperative,102,1980,False,lschmidt@example.org
438,Levine and Sons,Health Center,157,1981,False,shannonrobinson@example.net
439,"Garcia, Jones and Robinson",Community Group,22,2016,True,williamvaughan@example.net
440,Stark Ltd,Health Center,130,1984,False,angelajames@example.org
441,Houston Inc,School,96,2003,True,qbennett@example.org
442,"Collins, Dickson and Jones",Government,147,1997,True,anthonyhenry@example.com
443,"Campbell, Cook and Jones",NGO,204,1999,True,wweber@example.org
444,"Dean, Garcia and Gibbs",Community Group,53,1986,False,pgarza@example.net
445,Fowler LLC,Community Group,159,2014,True,obarnes@example.org
446,Flowers and Sons,Health Center,195,1995,True,beth60@example.com
447,Smith LLC,Cooperative,147,2010,True,kristin81@example.org
448,"Hayes, Patton and Richardson",School,114,2007,True,haleyortiz@example.com
449,"Cannon, Cordova and Roberts",School,200,2000,True,esmith@example.net
450,Thompson-Dawson,School,5,2003,True,howardwilliam@example.net
451,"Rodriguez, Wilson and Schroeder",Community Group,186,2019,True,mitchellveronica@example.org
452,Morgan Ltd,Cooperative,204,1993,True,davidmurray@example.org
453,Massey-Moyer,Government,197,2007,False,vhicks@example.org
454,Clark-Stewart,Cooperative,127,1986,True,aaronmcmahon@example.org
455,Tran-Lara,School,205,2016,True,shelbyburke@example.net
456,Cunningham Group,Government,186,1980,True,hannahflores@example.com
457,Owens and Sons,Health Center,220,1983,False,ymiller@example.org
458,"Duffy, Haley and Ball",School,243,1995,True,amandaanderson@example.net
459,"Dudley, Wade and Bennett",NGO,89,1993,True,tara56@example.com
460,Ward Ltd,Health Center,119,2009,True,karenfoster@example.org
461,Frank Inc,NGO,170,1983,True,tsosa@example.com
462,Nguyen-James,NGO,244,2001,True,lcurtis@example.com
463,"Ruiz, Carter and Mckenzie",School,117,1994,True,jennifer68@example.net
464,Gonzalez Inc,Health Center,247,1996,True,christine41@example.com
465,"Bishop, Torres and Hurst",Cooperative,19,1996,False,katiemcdonald@example.org
466,"Haynes, Frank and Rogers",Government,45,2002,True,rachaelbailey@example.org
467,"Thompson, Perry and Anderson",School,247,2012,True,hwilliams@example.com
468,Cox-Silva,School,66,1986,True,carrie42@example.org
469,Barry-Jones,Community Group,70,2020,False,rodriguezcatherine@example.org
470,Tanner LLC,Community Group,25,2005,True,ywelch@example.net
471,Henry-Young,Cooperative,96,2009,True,amanda84@example.net
472,Grimes and Sons,Health Center,171,2000,True,olsonashley@example.org
473,Martin-Peck,Government,221,1989,True,davisbrendan@example.net
474,Hoover-Sanchez,Community Group,90,2015,True,gardnerjohnny@example.net
475,Gray and Sons,Cooperative,192,2017,True,grimeselizabeth@example.net
476,"Moore, Quinn and Tucker",School,192,2018,True,cgreene@example.com
477,"Dunn, Evans and Martin",School,93,2012,True,lgrant@example.net
478,Walker-Jones,Cooperative,105,2005,True,matthewnguyen@example.com
479,Ramirez-Armstrong,Government,202,2013,True,leejohn@example.org
480,"Koch, Boyer and Jones",Cooperative,164,1987,True,coreyowens@example.org
481,"Brown, Montes and White",School,43,1995,True,jeanette95@example.org
482,Barber Group,Cooperative,189,2020,True,lisa43@example.com
483,Evans and Sons,School,1,1999,True,cynthia65@example.com
484,"Pugh, Nelson and Gomez",School,27,1996,False,michaeljohnson@example.net
485,Robinson-Lowe,Health Center,250,2008,True,oyoung@example.org
486,Mcdonald PLC,Community Group,187,2011,False,smarshall@example.org
487,"Wong, Gonzalez and Harris",Cooperative,208,1995,True,carlsonlinda@example.com
488,Bridges-Clark,NGO,143,2002,True,bhayes@example.net
489,Marquez PLC,Health Center,88,1982,True,ryanjames@example.net
490,"Mcclain, Norman and Jackson",School,241,1998,True,woodsstacy@example.com
491,Reynolds-White,Cooperative,197,2005,True,benjaminhernandez@example.net
492,Merritt Inc,NGO,119,1981,True,currybrooke@example.org
493,Mayo LLC,Health Center,212,2004,True,ballardbradley@example.com
494,"Johnson, Robinson and Rodriguez",NGO,20,2009,True,nwilliams@example.org
495,"Yates, Wall and Bishop",Health Center,174,1981,True,matthew91@example.com
496,Barber-Kelley,NGO,113,1982,False,georgekelly@example.org
497,Armstrong LLC,School,147,1997,True,monica80@example.com
498,Alvarez and Sons,School,140,2007,True,toni52@example.org
499,Bowers Ltd,Health Center,81,2000,True,christophergonzales@example.com
500,Zhang-Hale,School,232,1989,True,smithtravis@example.org
501,Brown Inc,Cooperative,205,2003,True,rsanders@example.com
502,"Ortega, Miller and Davis",Cooperative,141,2017,False,hillmicheal@example.com
503,"Gonzalez, Johnson and Williams",School,103,1995,True,robertbeck@example.net
504,Bryant Group,Government,203,2007,False,maryoconnor@example.net
505,Terrell PLC,Government,95,2002,False,aaronwalker@example.com
506,"Simpson, Bell and Khan",NGO,126,1983,False,yacevedo@example.com
507,Burke PLC,Government,35,2014,True,colemanrichard@example.com
508,Brown and Sons,Community Group,200,1985,True,jperez@example.net
509,Erickson-Hernandez,Government,206,2002,True,lynchanthony@example.org
510,Ramos LLC,Government,157,1980,True,markhall@example.net
511,West-Shepard,Community Group,49,1983,False,amyowens@example.org
512,Walker-Ford,Community Group,43,2011,True,clarkmichelle@example.com
513,"Martin, Gibbs and Brooks",Health Center,59,2007,False,christinaerickson@example.org
514,"Williams, Gardner and Chavez",Cooperative,237,1994,True,whitemaria@example.net
515,Kirk-Frye,School,183,2016,False,michele91@example.com
516,Bell-Armstrong,School,197,1984,True,fmartin@example.net
517,Stevenson PLC,Health Center,247,1981,True,awilliams@example.org
518,Kennedy-Gomez,Cooperative,197,1980,True,cynthianielsen@example.com
519,Lowery-Clark,School,173,1994,True,fgilbert@example.org
520,Garrett PLC,Cooperative,112,2003,True,michaelbrown@example.com
521,Peterson-May,School,212,1981,True,blyons@example.org
522,Horton Ltd,Community Group,47,2006,True,pattersonstacey@example.net
523,Mccoy Inc,Cooperative,121,2017,True,rachelnorman@example.org
524,Elliott Ltd,Cooperative,200,1984,True,kelly58@example.org
525,Francis Inc,Health Center,222,2013,False,brookecox@example.com
526,Alexander-Preston,School,241,2017,True,glenda37@example.org
527,"Townsend, Richards and Ochoa",NGO,208,1988,True,aprilburke@example.org
528,Burch PLC,Government,204,1990,True,kellyclark@example.org
529,Keller-Barnett,Community Group,161,1990,True,martinezbradley@example.net
530,Hamilton and Sons,Government,207,2004,True,juan68@example.org
531,"Page, Meza and Berry",NGO,150,2011,True,schroederangela@example.com
532,Davis LLC,Community Group,208,2019,True,williamsonsusan@example.net
533,Armstrong and Sons,School,195,2000,False,sotokaitlin@example.com
534,Kelly-Morrow,Community Group,162,2020,True,kelly73@example.com
535,"Holt, Payne and Torres",School,235,2003,True,bjohnson@example.com
536,Lee-Marquez,Government,96,2000,True,melissaritter@example.com
537,Garcia Ltd,Community Group,237,1984,True,michaelhaynes@example.com
538,Wang-Shah,Health Center,25,2014,True,cory38@example.com
539,Patel and Sons,NGO,55,2004,False,hillalyssa@example.org
540,Parker Ltd,Government,131,1981,True,laura70@example.org
541,Dunn Inc,Government,15,1993,True,jamescampos@example.net
542,Collier and Sons,Cooperative,152,1993,False,martinezelaine@example.net
543,"Ramirez, Newton and Brown",Cooperative,110,2012,True,nicole24@example.com
544,"Huff, Frazier and Powers",NGO,138,1997,False,walkerwilliam@example.org
545,"Williams, Williams and Montgomery",NGO,67,2004,True,lgarcia@example.com
546,Taylor-Hanna,Government,8,1984,True,ypena@example.net
547,Bolton-Greer,Cooperative,134,1995,True,sean99@example.com
548,Davis LLC,Government,83,1997,True,omolina@example.org
549,Irwin LLC,NGO,29,1991,False,ijohnson@example.net
550,Smith Ltd,Government,139,1993,False,ojohnson@example.com
551,Mata PLC,NGO,51,1980,False,uhuber@example.net
552,Best PLC,School,236,1998,False,wrogers@example.org
553,Wilson Group,School,12,2016,True,emoore@example.com
554,Hobbs-Holmes,School,170,2010,False,hernandezelizabeth@example.com
555,Hawkins PLC,NGO,249,2014,True,probinson@example.com
556,Carter Inc,School,97,1989,True,martinezmorgan@example.com
557,"Perkins, Scott and Lopez",NGO,124,2006,False,eallen@example.com
558,Roman and Sons,Cooperative,215,1984,False,derricknorman@example.com
559,Arellano Ltd,Government,246,1986,False,ahuffman@example.org
560,Pena PLC,Government,11,1998,False,wileyalyssa@example.com
561,Johnson Inc,Health Center,13,1999,True,randallgarcia@example.org
562,Miller Group,Health Center,100,2016,True,ricetiffany@example.net
563,"Mckee, Silva and Thompson",NGO,58,1990,False,icrawford@example.com
564,Figueroa-Wilson,Community Group,168,2001,False,colleen10@example.net
565,"Mckenzie, Turner and Fernandez",Community Group,158,2007,False,udixon@example.org
566,"Ferguson, Avery and Wong",Community Group,28,2017,True,michelle17@example.org
567,"Cohen, Hernandez and Potter",School,10,2000,True,millerrichard@example.com
568,Castillo Ltd,Health Center,175,1981,False,reginald09@example.net
569,Foley-Liu,Community Group,204,2016,True,nguyenmary@example.org
570,Hernandez Group,Health Center,185,2011,True,bbennett@example.org
571,Stanley-Thomas,Government,77,1988,True,phillipkhan@example.net
572,Allen-Brown,Cooperative,30,2018,False,harrishailey@example.com
573,Hawkins LLC,Cooperative,14,1987,True,gonzalesjulia@example.com
574,Roberts and Sons,Cooperative,222,2003,True,allenhannah@example.com
575,Petty-Davis,Government,102,2014,True,emily03@example.com
576,Potts Inc,Health Center,101,2009,True,amypierce@example.net
577,"Gutierrez, Morris and Jenkins",School,71,1991,True,croberts@example.com
578,Moore-Moss,Community Group,237,1995,True,masonkristine@example.net
579,Hernandez and Sons,Health Center,64,2020,False,erikwilliams@example.net
580,Stark Inc,Cooperative,36,2001,True,ecastaneda@example.org
581,Jones PLC,School,204,1980,True,barbara34@example.com
582,Shelton-Richardson,Government,29,2007,True,norman59@example.com
583,"Ramos, Alexander and Sutton",Health Center,182,2012,False,michaelmckenzie@example.com
584,White and Sons,Community Group,203,1997,True,jeromerowland@example.com
585,"Martinez, Pittman and Ramirez",Government,222,2018,True,brandon99@example.com
586,Houston and Sons,Government,198,2003,True,vbryant@example.com
587,"Rivera, Garner and Pope",Health Center,212,1999,True,jesse89@example.com
588,Smith-White,Cooperative,215,2019,True,robin92@example.com
589,Green-Collins,NGO,105,2003,False,ethan74@example.org
590,Peterson LLC,Government,227,2000,True,vschneider@example.com
591,"Sutton, Porter and Haas",School,80,2001,True,malonerebecca@example.org
592,Reed-Jimenez,School,147,1993,True,willisgregory@example.com
593,Hernandez Ltd,NGO,7,1990,True,davischarles@example.org
594,Sanchez LLC,Community Group,13,1985,True,longjessica@example.net
595,"Davis, Lamb and Holmes",Health Center,63,1992,True,uchen@example.net
596,Garcia-Rodriguez,Health Center,85,2003,False,robert36@example.com
597,"Washington, Lara and Murray",Health Center,149,1980,True,katie97@example.net
598,Kelly PLC,Community Group,207,2018,False,megan92@example.org
599,Ramos LLC,NGO,127,2011,True,jonesclinton@example.org
600,Flores-Contreras,School,180,1981,True,erikvega@example.net
601,Molina-Sanchez,NGO,89,2006,False,kylesmith@example.org
602,"Fox, Miller and Mccormick",NGO,229,2016,True,tinaevans@example.org
603,Morris-Mendoza,NGO,34,1996,False,sandrawhite@example.net
604,"Baker, Taylor and Payne",NGO,85,1985,False,jessevasquez@example.net
605,Perry-Nguyen,Community Group,139,1994,True,tbrewer@example.com
606,"Peck, Fritz and Singleton",Government,62,2008,False,andersonmichael@example.org
607,Stevenson-Gibson,Health Center,67,1987,False,hebertbradley@example.com
608,Carrillo-Marquez,School,118,2009,False,shepparddavid@example.org
609,"Greene, Dominguez and Wilkins",NGO,3,2004,True,rubenbarnes@example.net
610,"Caldwell, Wilkins and Oliver",Government,80,2000,False,lmitchell@example.com
611,Davis LLC,Cooperative,163,1994,True,ogreene@example.net
612,Villarreal-Meadows,Cooperative,196,2010,True,kthomas@example.net
613,"Thornton, Perez and Flores",NGO,59,1994,True,reederic@example.org
614,"Salas, Newman and Garcia",Community Group,149,2006,False,briangrant@example.com
615,Cummings-Brown,Community Group,234,2011,True,sharonzamora@example.org
616,Hughes Group,Community Group,30,1980,True,walterstimothy@example.com
617,"Scott, Owen and Doyle",Health Center,72,2014,True,anthony57@example.net
618,Freeman LLC,Health Center,78,2008,True,nicholas91@example.net
619,Hill and Sons,NGO,139,1985,True,tammy81@example.org
620,Sloan Ltd,School,6,2001,True,cameron52@example.org
621,"Knight, Hernandez and Phillips",Government,124,1983,False,hblanchard@example.com
622,"Patel, Graham and Hale",Health Center,200,2017,True,huntrobert@example.org
623,Johnston Ltd,Health Center,184,1999,False,nancyestrada@example.com
624,Spencer PLC,School,213,1987,True,bentleychristina@example.org
625,Hughes-Hall,NGO,14,2010,False,ramosjack@example.net
626,Brooks PLC,School,79,2008,True,ibenson@example.com
627,Johnson and Sons,Community Group,173,2002,False,connorleonard@example.net
628,Pena-Valenzuela,Community Group,119,1989,False,jamesjackson@example.net
629,"Young, Wilkerson and Perry",Government,43,2004,True,jenniferberry@example.org
630,Massey-Carlson,Community Group,130,2001,True,ywood@example.net
631,Dixon-Taylor,Cooperative,7,1993,True,kevingallagher@example.com
632,Smith-Gregory,Health Center,130,1996,False,allenraymond@example.com
633,Ruiz-Carter,Health Center,220,2002,False,angelaphillips@example.org
634,Sosa and Sons,NGO,216,2007,False,jessicagraham@example.net
635,Anderson Group,Cooperative,152,2018,True,richardward@example.net
636,"Patterson, Torres and Browning",Cooperative,184,2006,True,uford@example.net
637,Cox Group,Government,133,1988,False,wjuarez@example.org
638,"Hamilton, Sawyer and Medina",Health Center,122,1982,False,ortizvictor@example.net
639,Barrett and Sons,School,228,2009,False,matthew49@example.org
640,Jones and Sons,Health Center,96,2009,True,vwillis@example.org
641,"Robertson, Medina and Gilbert",Cooperative,53,2016,False,hilljohn@example.com
642,Martinez-Robinson,Government,97,1994,False,bcarter@example.net
643,Lynch LLC,School,151,1991,False,taylornicole@example.net
644,Baker-Arnold,NGO,172,1985,True,benjamin79@example.org
645,Romero PLC,School,195,1995,True,stephanie70@example.net
646,Perez and Sons,NGO,34,2015,False,djenkins@example.net
647,Dalton-Mitchell,Government,48,1982,False,mike15@example.com
648,Contreras Inc,Health Center,248,1990,True,talvarado@example.net
649,French-Patel,Government,42,1994,True,dakotarichards@example.org
650,Spence-Meadows,Cooperative,242,1995,True,zpatton@example.net
651,Carpenter Inc,Government,56,2019,True,abishop@example.com
652,House-Salinas,Community Group,72,2004,True,crawfordvanessa@example.net
653,"Alvarez, Tanner and Smith",School,209,1981,False,whitekyle@example.com
654,"Todd, Mack and Gonzalez",Health Center,250,1996,True,victoriaking@example.org
655,"Mack, Burns and Elliott",Cooperative,235,1980,False,nathan24@example.com
656,"Cox, Floyd and Wright",Health Center,89,1988,True,dennis00@example.com
657,Morales Ltd,Community Group,113,2014,False,johnsonanthony@example.net
658,Myers LLC,Community Group,200,1988,True,jamesgarcia@example.com
659,Parker PLC,NGO,35,2012,True,gthomas@example.org
660,"Wilson, Elliott and Martin",Government,124,1983,True,xdaniel@example.com
661,"Peters, Camacho and Duke",School,221,1996,True,kaitlynwilson@example.com
662,"Garcia, Stanley and Holmes",Health Center,227,2015,True,nancy41@example.com
663,"Mccormick, Guzman and Orr",Community Group,137,2010,True,william95@example.org
664,Rowe-Davis,Government,28,1987,True,proctortravis@example.com
665,Grant-Skinner,Community Group,43,2003,True,benjamin62@example.com
666,Perez LLC,Community Group,232,1989,True,nbailey@example.net
667,"Snow, Moss and Weber",Community Group,64,2008,False,brucepearson@example.com
668,"Rodriguez, Anderson and Murray",Community Group,249,1988,True,stephen59@example.net
669,Poole-Johnson,Community Group,205,1981,False,zamorabrent@example.net
670,Sanchez and Sons,Health Center,221,2007,False,michellesanchez@example.org
671,Turner-Blair,Health Center,102,1981,True,morganyoder@example.com
672,Snyder LLC,NGO,59,2017,True,lrowland@example.org
673,Chavez-Roberts,Government,32,1995,True,grossanne@example.net
674,Torres Group,School,9,1985,True,blackapril@example.org
675,Roy Group,Health Center,103,2006,True,sanchezrobert@example.net
676,"Contreras, Gaines and Hernandez",Health Center,199,2016,True,timothy45@example.org
677,"Robinson, Jenkins and Davis",Health Center,208,2010,False,dsnyder@example.com
678,Marquez-Wilcox,Government,236,2013,False,kimberlymoreno@example.com
679,Jordan Group,Government,212,1984,True,brandonwilson@example.org
680,Castillo-Murphy,Government,207,1999,True,rgonzalez@example.org
681,"Martin, Richards and Perez",School,45,2016,True,mike45@example.com
682,Harmon-Adams,School,235,2016,False,antonio95@example.net
683,Andrade Group,Community Group,77,1987,False,emma49@example.org
684,Alexander Group,NGO,61,1992,True,cordovamarcus@example.net
685,"Hardin, Reynolds and Burton",Health Center,143,2012,True,kdickson@example.org
686,"Perez, Moore and Sullivan",School,2,1981,True,nicole53@example.net
687,Lester-Young,NGO,180,1982,True,michelleaguilar@example.net
688,Ware PLC,Health Center,125,1999,True,ncampbell@example.net
689,Cook Group,Cooperative,21,1989,True,lchandler@example.com
690,Schneider Inc,Government,175,1990,True,michaeljones@example.org
691,Anderson LLC,NGO,186,2011,True,walkermichael@example.org
692,"Carlson, Molina and Conley",Community Group,94,1997,True,valerie52@example.net
693,Ward and Sons,School,71,2013,False,lmitchell@example.net
694,"Fuentes, Mays and Irwin",Health Center,36,1984,True,crawfordgary@example.com
695,Harris Ltd,Community Group,104,2006,True,stevenpittman@example.com
696,Sutton-Miller,School,82,1981,True,kelleyvicki@example.org
697,Bradley Group,Community Group,44,2005,False,jeffreyhughes@example.org
698,Norman Group,Community Group,71,1990,True,gjohnson@example.com
699,"Snyder, Jensen and Anderson",Government,223,2005,True,curtis64@example.com
700,"Gonzalez, Villarreal and Garrison",School,137,2001,True,mcbridegeorge@example.com
701,Whitehead LLC,Cooperative,139,1992,True,pmcdowell@example.org
702,"Hodges, Carson and Hull",NGO,147,2003,False,michaelallen@example.com
703,Steele Group,Government,231,1995,True,carlosbryant@example.com
704,"Mcconnell, Gardner and Garrett",School,137,1980,False,zkrueger@example.org
705,"Allison, Stevens and Miller",NGO,204,1985,True,mgregory@example.net
706,Le LLC,Community Group,115,2018,True,zimmermanshawn@example.org
707,Allen-Gibson,Government,35,2005,False,joymartin@example.com
708,"Myers, Smith and Moreno",NGO,69,2014,True,robertbarnes@example.net
709,Mason-Tanner,Health Center,181,1986,False,williamsryan@example.org
710,Clark LLC,NGO,25,2003,True,leah34@example.com
711,Mcdonald-Duffy,Cooperative,28,2016,False,ytravis@example.org
712,Thompson Group,School,156,2010,True,qgreene@example.org
713,"Foster, Taylor and Turner",NGO,159,1988,True,imcdaniel@example.net
714,Henry PLC,NGO,147,1988,True,mark00@example.org
715,Nash-Taylor,NGO,218,2015,True,frice@example.org
716,"Brown, Jones and Martinez",Health Center,186,2002,True,patrickramos@example.net
717,"Mckenzie, Park and Gibbs",Government,59,1989,False,wallstephanie@example.org
718,Small-Roberson,NGO,213,1997,True,jesushernandez@example.org
719,"Harris, Morris and Torres",School,150,2001,True,matthewnelson@example.com
720,Todd-Donaldson,Health Center,233,1986,True,allisonrachel@example.net
721,"Cain, Moore and Johnson",Health Center,247,2020,True,alexandra27@example.org
722,Brown Group,Community Group,208,1987,True,rstanley@example.net
723,"Mann, Williams and Thompson",School,216,1993,False,joshuahicks@example.com
724,"Dawson, Garcia and Anderson",NGO,73,2018,True,robert93@example.net
725,Elliott-Pierce,NGO,232,2009,True,christopherdowns@example.org
726,Clark LLC,School,78,1987,True,adam59@example.org
727,Melendez Ltd,Government,77,2015,False,jharvey@example.net
728,Rogers-Newman,Government,150,2006,True,maxwelllindsey@example.org
729,Wu LLC,School,34,2002,True,jacobmccoy@example.net
730,Lee Ltd,Health Center,237,2014,True,brittanygomez@example.com
731,Hahn-Farmer,Cooperative,18,1991,True,robertsonlisa@example.com
732,"Lang, Cooper and Walters",Cooperative,148,2010,False,aliciahowell@example.net
733,Moore-Fowler,Government,195,2007,False,sanderson@example.com
734,"Baker, Munoz and Charles",School,44,1996,True,sallen@example.net
735,Davis-Bailey,Government,163,1999,True,patriciahunt@example.org
736,Smith-Powers,Cooperative,227,2001,True,parkershannon@example.org
737,Hawkins-Gutierrez,Health Center,230,2009,False,robert64@example.com
738,"Anderson, Walter and Stephens",Government,155,2004,True,vasquezashley@example.com
739,Graham-Morris,School,29,2001,False,christiansamantha@example.com
740,Morales LLC,Cooperative,218,1999,True,gtorres@example.org
741,Kelley-Cantrell,Health Center,222,1982,True,johnparsons@example.com
742,Rodriguez-Calderon,Health Center,235,2016,True,bhaley@example.org
743,Nash and Sons,Government,70,2014,True,yturner@example.com
744,Perez-Foster,Cooperative,76,1988,True,joshua26@example.com
745,"Cohen, Robinson and Ayers",School,149,2006,True,edwardramsey@example.com
746,Barrera Ltd,Cooperative,8,1983,True,hernandezbarbara@example.com
747,Lozano PLC,NGO,154,1984,False,rkelley@example.net
748,"Clark, Watson and Ellis",Cooperative,91,2010,True,lindafowler@example.com
749,"Stafford, Cole and Sharp",School,107,1988,True,tammygoodman@example.net
750,Villegas and Sons,Government,104,2004,True,wilsontaylor@example.net
751,Lopez Ltd,Government,94,1996,True,danielle33@example.com
752,Holland Inc,NGO,57,2006,True,ayalarhonda@example.com
753,"Stewart, Holloway and Griffin",NGO,153,1985,True,jwarner@example.com
754,Murphy Ltd,Cooperative,250,1983,True,lewisbryan@example.org
755,"Fox, Coleman and Vang",Cooperative,86,1989,False,wrightbrian@example.net
756,Bell-Wells,Government,28,1987,False,samanthakane@example.com
757,Mullen Ltd,Government,210,1991,False,bassbrian@example.com
758,"Castillo, Parker and Mercer",Community Group,234,1984,True,aramirez@example.org
759,Bennett LLC,School,246,2001,False,michael78@example.net
760,Johnson Group,Health Center,249,1980,True,timothy24@example.com
761,Waters-Porter,Cooperative,17,2013,True,ehughes@example.com
762,Carter Group,Government,236,2019,True,twood@example.org
763,Ray and Sons,Government,85,2019,True,pcrawford@example.org
764,Potter Inc,School,206,1999,True,pbrown@example.net
765,Martinez Inc,Government,148,2014,True,kheath@example.com
766,Perez PLC,Cooperative,196,2000,False,vglenn@example.com
767,Heath-Robinson,Cooperative,107,2010,False,cshea@example.net
768,"Peters, Watts and Elliott",NGO,91,1995,True,jacob49@example.org
769,"Perez, Lopez and Garcia",Government,43,2007,True,seanhenderson@example.org
770,Fry-Hayes,Cooperative,78,2009,True,tommyjones@example.org
771,Gray-Martinez,School,84,1980,True,andersonlaura@example.com
772,"Young, Jimenez and Brown",Cooperative,52,1989,True,yscott@example.net
773,Mays-Bennett,Health Center,10,2020,True,bauerdouglas@example.org
774,Wood PLC,School,77,2009,False,ramosrobert@example.net
775,Salas-Espinoza,NGO,222,1999,True,danielrichardson@example.com
776,"Martinez, Rangel and Boyd",Government,116,2012,False,susanowens@example.com
777,Scott Group,Government,216,2000,True,cynthiamolina@example.net
778,Jones Inc,Community Group,169,1983,True,ashley81@example.com
779,"Baird, Davis and Harris",Government,165,1995,True,tonya90@example.net
780,Moore Inc,School,159,2011,True,ryan43@example.com
781,Johnson-Burns,Cooperative,181,1983,False,hhurley@example.com
782,"Hamilton, Hernandez and Cortez",School,244,2003,True,rgarza@example.org
783,Ingram-Riddle,Health Center,58,2019,True,brendaperkins@example.org
784,Morgan Group,Community Group,245,1994,False,shelby61@example.com
785,"Johnson, Rodriguez and Mcdaniel",Health Center,5,1997,True,rebecca01@example.net
786,"Willis, Duncan and Jones",Government,190,2017,True,robert47@example.org
787,"Martinez, Peters and Ayala",Cooperative,89,1991,False,knguyen@example.org
788,Cummings and Sons,Health Center,178,1994,True,ericksonrobert@example.com
789,Brown-Larson,School,51,1995,True,asmith@example.org
790,Palmer Ltd,Government,64,1981,False,schang@example.net
791,Singleton and Sons,Government,71,2001,True,xjohnson@example.org
792,Graves Ltd,Cooperative,230,1993,True,wkelley@example.net
793,Brooks Ltd,Government,59,2007,True,william43@example.com
794,"Montoya, Costa and Simpson",NGO,217,1991,True,tracey84@example.net
795,"Rodriguez, Mcguire and Little",Community Group,195,2010,True,xblake@example.net
796,Orr Ltd,NGO,163,2016,True,gthompson@example.com
797,Cole Group,Government,183,2009,True,bmartinez@example.com
798,Rose-Harper,NGO,62,1994,True,sanchezmark@example.net
799,"Jones, Foster and Diaz",NGO,83,1984,False,ihuang@example.org
800,"Houston, Ewing and Diaz",NGO,33,1995,True,kyle51@example.org
